Date,Open,High,Low,Close,Volume,Dividend,Split,Adj_Open,Adj_High,Adj_Low,Adj_Close,Adj_Volume
2016-06-06,114.97,116.0,114.9301,115.77,6349758.0,0.0,1.0,109.06064095295139,110.03769983945692,109.02279177861006,109.81952164149936,6349758.0
2016-06-07,116.01,116.23,115.45,115.73,6417404.0,0.0,1.0,110.04718584806376,110.25587803741446,109.51596936608018,109.78157760707198,6417404.0
2016-06-08,115.52,115.95,115.41,115.8,5863782.0,0.0,1.0,109.58237142632812,109.99026979642267,109.47802533165277,109.84797966731992,5863782.0
2016-06-09,115.78,117.19,115.61,117.0,7375064.0,0.0,1.0,109.82900765010622,111.16653486367203,109.66774550378977,110.98630070014188,7375064.0
2016-06-10,116.74,117.23,116.36,117.01,6067428.0,0.0,1.0,110.73966447636379,111.20447889809944,110.37919614930351,110.99578670874874,6067428.0
2016-06-13,117.13,117.64,116.79,116.79,7940793.0,0.0,1.0,111.10961881203093,111.59340525098027,110.78709451939805,110.78709451939805,7940793.0
2016-06-14,116.45,117.18,116.3,117.12,6376595.0,0.0,1.0,110.46457022676516,111.15704885506518,110.3222800976624,111.10013280342409,6376595.0
2016-06-15,117.64,117.74,116.335,116.41,6370379.0,0.0,1.0,111.59340525098027,111.68826533704876,110.35548112778638,110.42662619233775,6370379.0
2016-06-16,115.69,116.89,115.22,116.64,6664815.0,0.0,1.0,109.74363357264457,110.88195460546655,109.29779116812263,110.64480439029529,6664815.0
2016-06-17,116.62,116.67,115.01,115.48,10702199.0,0.0,1.0,110.62583237308161,110.67326241611585,109.0985849873788,109.54442739190073,10702199.0
2016-06-20,116.6,117.135,116.4297,116.54,5588202.0,0.0,1.0,110.6068603558679,111.11436181633437,110.44531362929324,110.54994430422681,5588202.0
2016-06-21,116.99,117.15,116.18,116.18,5491490.0,0.0,1.0,110.97681469153504,111.12859082924464,110.20844799438022,110.20844799438022,5491490.0
2016-06-22,116.54,117.21,116.3101,116.46,5833754.0,0.0,1.0,110.54994430422681,111.18550688088573,110.33186096635534,110.47405623537199,5833754.0
2016-06-23,117.2,117.38,116.68,117.38,6775873.0,0.0,1.0,111.17602087227888,111.34676902720217,110.6827484247227,111.34676902720217,6775873.0
2016-06-24,115.07,117.12,115.0,115.63,13938370.0,0.0,1.0,109.15550103901988,111.10013280342409,109.08909897877194,109.68671752100347,13938370.0
2016-06-27,115.0,116.64,115.0,116.55,10896051.0,0.0,1.0,109.08909897877194,110.64480439029529,109.08909897877194,110.55943031283364,10896051.0
2016-06-28,117.17,118.37,116.55,118.23,10073497.0,0.0,1.0,111.14756284645833,112.2858838792803,110.55943031283364,112.15307975878441,10073497.0
2016-06-29,118.84,119.41,118.1,119.33,8341454.0,0.0,1.0,112.73172628380225,113.27242877439267,112.02976164689535,113.19654070553787,8341454.0
2016-06-30,119.18,121.41,119.1601,121.3,11559922.0,0.0,1.0,113.05425057643514,115.16963049576262,113.0353734193075,115.06528440108727,11559922.0
2016-07-01,121.54,121.54,120.79,121.29,7051284.0,0.0,1.0,115.29294860765167,115.29294860765167,114.58149796213795,115.05579839248043,7051284.0
2016-07-05,121.36,123.23,121.34,122.27,9334006.0,0.0,1.0,115.12220045272836,116.89608406220927,115.10322843551468,115.98542723595169,9334006.0
2016-07-06,121.93,122.66,121.54,122.64,9332366.0,0.0,1.0,115.66290294331881,116.35538157161884,115.29294860765167,116.33640955440514,9332366.0
2016-07-07,122.59,122.81,122.01,122.51,6058727.0,0.0,1.0,116.2889795113709,116.49767170072158,115.7387910121736,116.2130914425161,6058727.0
2016-07-08,123.0,123.1,121.96,122.85,6129913.0,0.0,1.0,116.67790586425173,116.77276595032022,115.69136096913935,116.53561573514898,6129913.0
2016-07-11,122.71,123.45,122.41,122.93,6711586.0,0.0,1.0,116.40281161465307,117.10477625155997,116.1182313564476,116.61150380400379,6711586.0
2016-07-12,122.65,123.2,122.61,122.92,6415821.0,0.0,1.0,116.345895563012,116.86762603638873,116.30795152858458,116.60201779539693,6415821.0
2016-07-13,122.68,123.4,122.3,123.0,5230801.0,0.0,1.0,116.37435358883255,117.05734620852573,116.01388526177224,116.67790586425173,5230801.0
2016-07-14,122.98,123.74,122.91,123.18,5322618.0,0.0,1.0,116.65893384703803,117.3798705011586,116.59253178679008,116.84865401917503,5322618.0
2016-07-15,123.77,124.3,122.71,123.0,7192625.0,0.0,1.0,117.40832852697915,117.9110869831422,116.40281161465307,116.67790586425173,7192625.0
2016-07-18,123.0,123.22,122.44,123.14,6594718.0,0.0,1.0,116.67790586425173,116.88659805360243,116.14668938226814,116.81070998474763,6594718.0
2016-07-19,124.78,125.75,123.34,125.25,11325107.0,0.0,1.0,118.36641539627098,119.2865582311354,117.00043015688462,118.81225780079292,11325107.0
2016-07-20,125.84,126.07,125.04,125.14,7334543.0,0.0,1.0,119.37193230859705,119.5901105065546,118.61305162004908,118.70791170611757,7334543.0
2016-07-21,125.21,125.74,124.89,125.15,5563937.0,0.0,1.0,118.77431376636551,119.27707222252855,118.47076149094633,118.71739771472443,5563937.0
2016-07-22,125.12,125.35,124.645,125.03,5839195.0,0.0,1.0,118.68893968890387,118.90711788686141,118.23835428007851,118.60356561144222,5839195.0
2016-07-25,125.07,125.13,124.14,124.89,4880519.0,0.0,1.0,118.64150964586962,118.69842569751071,117.7593108454326,118.47076149094633,4880519.0
2016-07-26,125.025,125.55,124.75,125.15,5589861.0,0.0,1.0,118.5988226071388,119.0968380589984,118.33795737045043,118.71739771472443,5589861.0
2016-07-27,125.1,125.23,124.34,124.77,4812431.0,0.0,1.0,118.66996767169017,118.79328578357922,117.9490310175696,118.35692938766412,4812431.0
2016-07-28,124.98,125.0,124.41,124.46,4320393.0,0.0,1.0,118.55613556840798,118.57510758562168,118.01543307781753,118.06286312085179,4320393.0
2016-07-29,124.34,125.32,124.34,125.23,7020810.0,0.0,1.0,117.9490310175696,118.87865986104086,117.9490310175696,118.79328578357922,7020810.0
2016-08-01,125.31,125.71,125.1,125.4,4614832.0,0.0,1.0,118.86917385243402,119.248614196708,118.66996767169017,118.95454792989567,4614832.0
2016-08-02,125.65,125.9,124.476,124.85,7158693.0,0.0,1.0,119.19169814506691,119.42884836023816,118.07804073462275,118.43281745651892,7158693.0
2016-08-03,125.0,125.0,123.69,123.9,5310641.0,0.0,1.0,118.57510758562168,118.57510758562168,117.33244045812435,117.53164663886821,5310641.0
2016-08-04,124.24,124.39,123.64,123.86,4727465.0,0.0,1.0,117.85417093150109,117.99646106060383,117.28501041509011,117.4937026044408,4727465.0
2016-08-05,124.38,124.38,123.76,124.24,5146935.0,0.0,1.0,117.98697505199699,117.98697505199699,117.39884251837232,117.85417093150109,5146935.0
2016-08-08,124.0,124.15,123.23,123.65,5232159.0,0.0,1.0,117.6265067249367,117.76879685403945,116.89608406220927,117.29449642369697,5232159.0
2016-08-09,123.91,124.0,123.33,123.43,3941488.0,0.0,1.0,117.54113264747505,117.6265067249367,116.99094414827776,117.08580423434627,3941488.0
2016-08-10,123.59,123.78,123.24,123.36,4333466.0,0.0,1.0,117.23758037205586,117.417814535586,116.90557007081611,117.01940217409832,4333466.0
2016-08-11,123.85,124.14,123.47,123.77,4051971.0,0.0,1.0,117.48421659583396,117.7593108454326,117.12374826877367,117.40832852697915,4051971.0
2016-08-12,123.47,123.77,122.95,123.22,4234672.0,0.0,1.0,117.12374826877367,117.40832852697915,116.63047582121749,116.88659805360243,4234672.0
2016-08-15,123.12,123.27,122.28,122.31,6469495.0,0.0,1.0,116.79173796753393,116.93402809663667,115.99491324455855,116.0233712703791,6469495.0
2016-08-16,122.11,122.32,120.06,120.33,11289111.0,0.0,1.0,115.8336510982421,116.03285727898594,113.88901933383791,114.14514156622285,11289111.0
2016-08-17,120.5,121.33,119.85,121.31,10442368.0,0.0,1.0,114.30640371253929,115.09374242690782,113.68981315309405,115.07477040969412,10442368.0
2016-08-18,121.17,121.39,119.9,120.72,8728000.0,0.0,1.0,114.94196628919823,115.15065847854892,113.73724319612832,114.51509590188999,8728000.0
2016-08-19,119.91,119.99,119.32,119.92,7798299.0,0.8,1.0,114.50554661103759,114.58194093785673,113.94213845074643,114.51509590188998,7798299.0
2016-08-22,119.9,119.9,118.95,119.13,6544864.0,0.0,1.0,114.49599732018521,114.49599732018521,113.58881468920792,113.76070192455097,6544864.0
2016-08-23,119.67,119.96,119.02,119.44,5603177.0,0.0,1.0,114.27636363058018,114.55329306529954,113.65565972517466,114.05672994097515,5603177.0
2016-08-24,119.48,119.61,118.62,118.71,6303942.0,0.0,1.0,114.09492710438472,114.21906788546582,113.27368809107897,113.3596317087505,6303942.0
2016-08-25,118.86,119.21,118.33,118.57,5565948.0,0.0,1.0,113.50287107153639,113.83709625137011,112.99675865635959,113.225941636817,5565948.0
2016-08-26,118.84,119.74,118.56,119.04,6482673.0,0.0,1.0,113.48377248983161,114.34320866654691,113.21639234596462,113.67475830687945,6482673.0
2016-08-29,119.3,120.13,119.055,119.92,5074716.0,0.0,1.0,113.92303986904165,114.71563100979021,113.68908224315804,114.51509590188998,5074716.0
2016-08-30,120.67,120.67,119.255,119.47,3819510.0,0.0,1.0,115.23129271581942,115.23129271581942,113.88006806020589,114.08537781353232,3819510.0
2016-08-31,119.54,119.62,119.01,119.34,5693081.0,0.0,1.0,114.15222284949908,114.22861717631821,113.64611043432228,113.96123703245122,5693081.0
2016-09-01,119.19,119.39,118.6,119.08,4551792.0,0.0,1.0,113.81799766966533,114.00898348671319,113.25458950937418,113.71295547028902,4551792.0
2016-09-02,119.36,119.81,118.9,119.32,5806115.0,0.0,1.0,113.980335614156,114.41005370251366,113.54106823494597,113.94213845074643,5806115.0
2016-09-06,119.78,119.97,119.36,119.75,5280652.0,0.0,1.0,114.38140582995649,114.56284235615195,113.980335614156,114.35275795739932,5280652.0
2016-09-07,119.84,119.95,119.435,119.61,4753530.0,0.0,1.0,114.43870157507085,114.54374377444717,114.05195529554895,114.21906788546582,4753530.0
2016-09-08,119.37,119.82,119.14,119.47,4833010.0,0.0,1.0,113.98988490500841,114.41960299336606,113.77025121540338,114.08537781353232,4833010.0
2016-09-09,119.03,119.16,118.18,118.23,7957267.0,0.0,1.0,113.66520901602706,113.78934979710816,112.85351929357371,112.90126574783567,7957267.0
2016-09-12,117.76,119.45,117.38,119.16,7239795.0,0.0,1.0,112.45244907777322,114.06627923182754,112.0895760253823,113.78934979710816,7239795.0
2016-09-13,118.42,118.83,117.49,117.61,7957869.0,0.0,1.0,113.08270227403112,113.4742231989792,112.19461822475861,112.30920971498733,7957869.0
2016-09-14,117.85,118.33,117.46,117.86,6124894.0,0.0,1.0,112.53839269544474,112.99675865635959,112.16597035220144,112.54794198629715,6124894.0
2016-09-15,117.81,118.94,117.32,118.63,5814900.0,0.0,1.0,112.50019553203518,113.57926539835552,112.03228028026794,113.28323738193136,5814900.0
2016-09-16,118.51,119.14,118.12,118.25,12408779.0,0.0,1.0,113.16864589170265,113.77025121540338,112.79622354845935,112.92036432954045,12408779.0
2016-09-19,118.36,118.66,117.64,117.66,5457633.0,0.0,1.0,113.02540652891676,113.31188525448853,112.3378575875445,112.35695616924929,5457633.0
2016-09-20,118.17,118.24,117.69,117.95,5187716.0,0.0,1.0,112.8439700027213,112.91081503868806,112.38560404180647,112.63388560396868,5187716.0
2016-09-21,117.95,119.0,117.64,118.91,6337292.0,0.0,1.0,112.63388560396868,113.63656114346988,112.3378575875445,113.55061752579834,6337292.0
2016-09-22,119.25,119.84,119.14,119.46,5340386.0,0.0,1.0,113.87529341477969,114.43870157507085,113.77025121540338,114.07582852267993,5340386.0
2016-09-23,119.41,119.6,118.71,118.81,4772980.0,0.0,1.0,114.02808206841797,114.20951859461341,113.3596317087505,113.45512461727442,4772980.0
2016-09-26,118.63,118.64,117.56,117.78,5998839.0,0.0,1.0,113.28323738193136,113.29278667278375,112.26146326072538,112.471547659478,5998839.0
2016-09-27,118.39,119.22,117.72,119.22,5349466.0,0.0,1.0,113.05405440147395,113.84664554222252,112.41425191436365,113.84664554222252,5349466.0
2016-09-28,119.05,119.52,118.81,119.39,5075791.0,0.0,1.0,113.68430759773184,114.13312426779429,113.45512461727442,114.00898348671319,5075791.0
2016-09-29,118.88,119.27,117.0434,117.27,6189865.0,0.0,1.0,113.52196965324117,113.89439199648447,111.76814689529078,111.98453382600599,6189865.0
2016-09-30,117.78,118.619,117.39,118.13,7941065.0,0.0,1.0,112.471547659478,113.27273316199373,112.0991253162347,112.80577283931173,7941065.0
2016-10-03,118.0,119.01,117.43,118.81,6097939.0,0.0,1.0,112.68163205823063,113.64611043432228,112.13732247964428,113.45512461727442,6097939.0
2016-10-04,118.84,119.48,118.28,118.82,5733934.0,0.0,1.0,113.48377248983161,114.09492710438472,112.94901220209762,113.46467390812681,5733934.0
2016-10-05,119.22,119.44,118.595,119.18,5778691.0,0.0,1.0,113.84664554222252,114.05672994097515,113.24981486394799,113.80844837881295,5778691.0
2016-10-06,118.5,118.85,117.92,118.75,4448450.0,0.0,1.0,113.15909660085026,113.49332178068398,112.6052377314115,113.39782887216008,4448450.0
2016-10-07,119.17,119.565,118.69,119.24,4799241.0,0.0,1.0,113.79889908796055,114.17609607663005,113.34053312704572,113.8657441239273,4799241.0
2016-10-10,119.51,120.1955,119.35,119.8,3657049.0,0.0,1.0,114.1235749769419,114.7781788648734,113.97078632330361,114.40050441166127,3657049.0
2016-10-11,119.41,119.63,117.06,117.64,6394155.0,0.0,1.0,114.02808206841797,114.2381664671706,111.78399871810575,112.3378575875445,6394155.0
2016-10-12,117.96,118.43,117.5,117.97,4685998.0,0.0,1.0,112.64343489482106,113.09225156488351,112.20416751561102,112.65298418567346,4685998.0
2016-10-13,117.54,119.2,117.28,118.26,7387365.0,0.0,1.0,112.2423646790206,113.82754696051774,111.99408311685838,112.92991362039285,7387365.0
2016-10-14,118.5,118.8,117.56,117.56,5639972.0,0.0,1.0,113.15909660085026,113.44557532642203,112.26146326072538,112.26146326072538,5639972.0
2016-10-17,117.5,118.55,117.5,118.49,6956374.0,0.0,1.0,112.20416751561102,113.20684305511222,112.20416751561102,113.14954730999786,6956374.0
2016-10-18,117.38,118.48,115.16,115.41,12598255.0,0.0,1.0,112.0895760253823,113.13999801914548,109.96963345615119,110.208365727461,12598255.0
2016-10-19,115.57,115.89,114.46,114.59,7400937.0,0.0,1.0,110.36115438109927,110.66673168837583,109.30118309648371,109.42532387756482,7400937.0
2016-10-20,114.83,115.7,114.59,114.87,6972999.0,0.0,1.0,109.65450685802223,110.48529516218038,109.42532387756482,109.69270402143181,6972999.0
2016-10-21,114.11,114.24,112.99,113.44,8421442.0,0.0,1.0,108.96695791664999,109.09109869773108,107.89743734118203,108.32715542953969,8421442.0
2016-10-24,113.93,114.1897,113.44,113.61,6141858.0,0.0,1.0,108.79507068130692,109.04306576474356,108.32715542953969,108.48949337403036,6141858.0
2016-10-25,113.64,114.16,113.093,113.96,5594979.0,0.0,1.0,108.51814124658755,109.01470437091194,107.99579503696168,108.8237185538641,5594979.0
2016-10-26,113.64,115.22,113.6,114.56,6429055.0,0.0,1.0,108.51814124658755,110.02692920126555,108.47994408317797,109.39667600500765,6429055.0
2016-10-27,114.98,116.55,114.79,115.7,7548667.0,0.0,1.0,109.79774622080812,111.29698488463373,109.61630969461268,110.48529516218038,7548667.0
2016-10-28,115.82,115.91,114.57,115.33,8813004.0,0.0,1.0,110.59988665240908,110.68583027008061,109.40622529586003,110.13197140064186,8813004.0
2016-10-31,115.28,116.23,114.5,115.99,8552528.0,0.0,1.0,110.0842249463799,110.99140757735718,109.33938025989329,110.76222459689976,8552528.0
2016-11-01,114.76,115.94,114.63,115.34,7591930.0,0.0,1.0,109.5876618220555,110.7144781426378,109.46352104097438,110.14152069149425,7591930.0
2016-11-02,115.52,115.76,114.83,114.86,6591283.0,0.0,1.0,110.31340792683731,110.54259090729474,109.65450685802223,109.68315473057942,6591283.0
2016-11-03,114.88,115.4393,114.75,115.03,6227010.0,0.0,1.0,109.7022533122842,110.23634514965852,109.5781125312031,109.84549267507009,6227010.0
2016-11-04,115.04,115.94,115.04,115.11,7160570.0,0.0,1.0,109.85504196592248,110.7144781426378,109.85504196592248,109.92188700188923,7160570.0
2016-11-07,115.89,116.72,115.84,116.66,6398177.0,0.0,1.0,110.66673168837583,111.4593228291244,110.61898523411388,111.40202708401004,6398177.0
2016-11-08,116.48,117.57,116.47,117.05,6674973.0,0.0,1.0,111.230139848667,112.27101255157775,111.22059055781459,111.77444942725336,6674973.0
2016-11-09,120.0,122.5,118.1,120.31,16219977.0,0.0,1.0,114.59149022870912,116.97881294180723,112.77712496675456,114.8875182451333,16219977.0
2016-11-10,120.77,121.1,119.02,119.54,11904470.0,0.0,1.0,115.32678562434333,115.64191222247229,113.65565972517466,114.15222284949908,11904470.0
2016-11-11,119.49,119.49,118.13,118.47,8134783.0,0.0,1.0,114.1044763952371,114.1044763952371,112.80577283931173,113.13044872829308,8134783.0
2016-11-14,118.58,118.99,116.5,116.6,10054905.0,0.0,1.0,113.2354909276694,113.62701185261749,111.24923843037178,111.3447313388957,10054905.0
2016-11-15,116.4,116.69,115.82,116.32,7446670.0,0.0,1.0,111.15374552184785,111.43067495656723,110.59988665240908,111.0773511950287,7446670.0
2016-11-16,116.65,116.78,116.08,116.36,6594378.0,0.0,1.0,111.39247779315767,111.51661857423876,110.84816821457129,111.11554835843828,6594378.0
2016-11-17,116.68,116.68,116.12,116.57,5730229.0,0.0,1.0,111.42112566571484,111.42112566571484,110.88636537798087,111.31608346633851,5730229.0
2016-11-18,115.79,115.92,114.81,115.36,7717773.0,0.8,1.0,111.33802961743757,111.46303129159136,110.39570930458595,110.92456254139043,7717773.0
2016-11-21,115.44,115.6799,114.8,115.0,5843313.0,0.0,1.0,111.001486648562,111.23216281494271,110.38609379118951,110.57840405911841,5843313.0
2016-11-22,114.59,115.0,112.27,112.74,11649483.0,0.0,1.0,110.18416800986417,110.57840405911841,107.9533689018889,108.40529803152181,11649483.0
2016-11-23,112.25,113.43,111.56,113.07,8466967.0,0.0,1.0,107.93413787509601,109.06876845587654,107.2706674507413,108.7226099736045,8466967.0
2016-11-25,113.6,114.23,113.38,114.13,3433340.0,0.0,1.0,109.23223218361609,109.83800952759213,109.02069088889431,109.74185439362768,3433340.0
2016-11-28,113.79,114.12,113.05,113.13,9065730.0,0.0,1.0,109.41492693814855,109.73223888023125,108.70337894681161,108.78030305398318,9065730.0
2016-11-29,112.95,113.41,112.165,112.48,7798561.0,0.0,1.0,108.60722381284717,109.04953742908364,107.85240601122624,108.15529468321425,7798561.0
2016-11-30,112.19,112.52,111.3,111.3,11177197.0,0.0,1.0,107.87644479471734,108.19375673680003,107.02066410243373,107.02066410243373,11177197.0
2016-12-01,111.36,111.5399,111.0,111.38,8141717.0,0.0,1.0,107.0783571828124,107.25134026881445,106.73219870054038,107.09758820960529,8141717.0
2016-12-02,111.72,112.53,111.44,111.96,6167740.0,0.0,1.0,107.42451566508443,108.20337225019648,107.15528128998396,107.65528798659909,6167740.0
2016-12-05,112.4,112.42,111.73,111.94,5451568.0,0.0,1.0,108.07837057604269,108.09760160283558,107.43413117848087,107.63605695980621,5451568.0
2016-12-06,112.24,113.2,111.85,112.06,6530358.0,0.0,1.0,107.92452236169956,108.8476116477583,107.54951733923821,107.75144312056355,6530358.0
2016-12-07,111.89,111.89,109.32,111.1,11761134.0,0.0,1.0,107.58797939282398,107.58797939282398,105.11679244993759,106.82835383450482,11761134.0
2016-12-08,110.54,111.195,109.93,110.99,7774796.0,0.0,1.0,106.2898850843039,106.91970121177106,105.70333876712075,106.72258318714393,7774796.0
2016-12-09,111.41,112.43,111.2,112.26,7672088.0,0.0,1.0,107.12643474979463,108.10721711623204,106.92450896846928,107.94375338849247,7672088.0
2016-12-12,112.69,115.4,112.58,115.36,9544063.0,0.0,1.0,108.3572204645396,110.96302459497622,108.2514498171787,110.92456254139043,9544063.0
2016-12-13,115.53,115.97,115.01,115.89,7051623.0,0.0,1.0,111.08802626913,111.51110885857358,110.58801957251485,111.43418475140201,7051623.0
2016-12-14,116.12,117.3,114.58,114.99,9378504.0,0.0,1.0,111.65534155952027,112.78997214030078,110.17455249646771,110.56878854572196,9378504.0
2016-12-15,115.33,115.92,114.89,115.89,6738083.0,0.0,1.0,110.8957160012011,111.46303129159136,110.47263341175751,111.43418475140201,6738083.0
2016-12-16,116.41,116.46,115.46,115.88,11291124.0,0.0,1.0,111.93419144801716,111.98226901499939,111.02071767535487,111.42456923800557,11291124.0
2016-12-19,116.07,116.66,115.94,116.02,6310789.0,0.0,1.0,111.60726399253802,112.17457928292829,111.48226231838424,111.55918642555581,6310789.0
2016-12-20,115.98,116.25,114.91,115.66,5715163.0,0.0,1.0,111.52072437197003,111.78034323367405,110.4918644385504,111.21302794328378,5715163.0
2016-12-21,116.2,116.2,114.74,115.31,5907740.0,0.0,1.0,111.73226566669182,111.73226566669182,110.32840071081083,110.87648497440821,5907740.0
2016-12-22,115.0,115.526,113.88,115.44,4602177.0,0.0,1.0,110.57840405911841,111.08418006377141,109.50146655871656,111.001486648562,4602177.0
2016-12-23,115.4,116.32,115.3,115.96,2993289.0,0.0,1.0,110.96302459497622,111.84765182744916,110.86686946101176,111.50149334517712,2993289.0
2016-12-27,115.89,116.0,115.38,115.91,3232942.0,0.0,1.0,111.43418475140201,111.53995539876291,110.94379356818331,111.45341577819491,3232942.0
2016-12-28,115.88,116.16,115.05,115.1,3278292.0,0.0,1.0,111.42456923800557,111.69380361310603,110.62648162610063,110.67455919308286,3278292.0
2016-12-29,115.23,115.87,115.01,115.49,2993622.0,0.0,1.0,110.79956086723665,111.41495372460913,110.58801957251485,111.04956421554421,2993622.0
2016-12-30,115.8,115.99,114.975,115.21,5506734.0,0.0,1.0,111.34764513083401,111.53033988536646,110.55436527562729,110.78032984044376,5506734.0
2017-01-03,115.78,116.0,115.23,115.84,5953048.0,0.0,1.0,111.32841410404113,111.53995539876291,110.79956086723665,111.3861071844198,5953048.0
2017-01-04,115.5,116.23,115.31,115.65,5828946.0,0.0,1.0,111.05917972894066,111.76111220688115,110.87648497440821,111.20341242988735,5828946.0
2017-01-05,116.0,116.97,115.4401,116.86,6217169.0,0.0,1.0,111.53995539876291,112.4726601982181,111.00158280369595,112.3668895508572,6217169.0
2017-01-06,116.67,117.0,115.76,116.3,5221381.0,0.0,1.0,112.18419479632473,112.50150673840743,111.30918307724824,111.82842080065626,5221381.0
2017-01-09,116.35,116.61,115.89,116.28,5457459.0,0.0,1.0,111.87649836763849,112.12650171594606,111.43418475140201,111.80918977386338,5457459.0
2017-01-10,116.03,117.0,115.87,116.16,5312812.0,0.0,1.0,111.56880193895225,112.50150673840743,111.41495372460913,111.69380361310603,5312812.0
2017-01-11,116.08,116.25,114.02,114.73,8887197.0,0.0,1.0,111.61687950593448,111.78034323367405,109.63608374626679,110.3187851974144,8887197.0
2017-01-12,114.27,114.73,113.37,114.62,6627250.0,0.0,1.0,109.87647158117791,110.3187851974144,109.01107537549787,110.2130145500535,6627250.0
2017-01-13,114.94,115.02,114.44,114.6,4935038.0,0.0,1.0,110.52071097873973,110.59763508591129,110.03993530891748,110.1937835232606,4935038.0
2017-01-17,113.94,115.05,113.67,114.87,6255447.0,0.0,1.0,109.55915963909523,110.62648162610063,109.29954077739121,110.45340238496463,6255447.0
2017-01-18,114.94,115.1,114.41,114.7,5014570.0,0.0,1.0,110.52071097873973,110.67455919308286,110.01108876872814,110.28993865722506,5014570.0
2017-01-19,114.68,114.9,113.92,114.2,5540831.0,0.0,1.0,110.27070763043217,110.48224892515397,109.53992861230235,109.8091629874028,5540831.0
2017-01-20,114.49,115.03,114.08,114.15,7502425.0,0.0,1.0,110.08801287589971,110.60725059930775,109.69377682664546,109.76108542042059,7502425.0
2017-01-23,114.51,114.77,113.8,113.91,7987709.0,0.0,1.0,110.1072439026926,110.35724725100017,109.424542451545,109.53031309890589,7987709.0
2017-01-24,112.91,113.3,111.15,111.76,12450307.0,0.0,1.0,108.56876175926138,108.94376678172274,106.87643140148705,107.4629777186702,12450307.0
2017-01-25,111.93,112.8,110.76,112.8,9385502.0,0.0,1.0,107.62644144640977,108.4629911119005,106.5014263790257,108.4629911119005,9385502.0
2017-01-26,112.0,112.84,111.6,111.84,10164311.0,0.0,1.0,107.69375004018488,108.50145316548627,107.30912950432707,107.53990182584177,10164311.0
2017-01-27,112.0,113.5398,111.9,113.38,8885867.0,0.0,1.0,107.69375004018488,109.1743467929695,107.59759490622044,109.02069088889431,8885867.0
2017-01-30,113.4,113.6,112.85,113.13,6969230.0,0.0,1.0,109.0399219156872,109.23223218361609,108.51106867888271,108.78030305398318,6969230.0
2017-01-31,112.79,113.4,112.43,113.25,8713303.0,0.0,1.0,108.45337559850405,109.0399219156872,108.10721711623204,108.89568921474051,8713303.0
2017-02-01,112.48,113.32,112.47,113.23,7082322.0,0.0,1.0,108.15529468321425,108.96299780851562,108.1456791698178,108.87645818794763,7082322.0
2017-02-02,112.82,113.62,112.77,113.57,7826308.0,0.0,1.0,108.48222213869337,109.25146321040899,108.43414457171116,109.20338564342676,7826308.0
2017-02-03,113.5,113.66,112.66,113.64,7267569.0,0.0,1.0,109.13607704965165,109.28992526399476,108.32837392435026,109.27069423720188,7267569.0
2017-02-06,113.46,113.59,112.62,113.4,6178403.0,0.0,1.0,109.09761499606586,109.22261667021965,108.28991187076448,109.0399219156872,6178403.0
2017-02-07,113.6,113.62,113.05,113.48,5507915.0,0.0,1.0,109.23223218361609,109.25146321040899,108.70337894681161,109.11684602285877,5507915.0
2017-02-08,113.3,113.69,113.15,113.4,5271601.0,0.0,1.0,108.94376678172274,109.3187718041841,108.79953408077607,109.0399219156872,5271601.0
2017-02-09,113.47,114.65,113.4,114.08,5854606.0,0.0,1.0,109.10723050946231,110.24186109024284,109.0399219156872,109.69377682664546,5854606.0
2017-02-10,114.32,115.99,114.23,115.24,6438536.0,0.0,1.0,109.92454914816014,111.53033988536646,109.83800952759213,110.80917638063309,6438536.0
2017-02-13,115.28,116.12,115.22,115.88,5710779.0,0.0,1.0,110.84763843421887,111.65534155952027,110.7899453538402,111.42456923800557,5710779.0
2017-02-14,115.44,116.4,115.32,116.36,5539116.0,0.0,1.0,111.001486648562,111.92457593462072,110.88610048780464,111.88611388103494,5539116.0
2017-02-15,115.9,117.46,115.59,117.2,5979679.0,0.0,1.0,111.44380026479847,112.94382035464389,111.14571934950867,112.69381700633633,5979679.0
2017-02-16,117.0,118.28,116.995,118.08,7119291.0,0.0,1.0,112.50150673840743,113.7322924531524,112.4966989817092,113.5399821852235,7119291.0
2017-02-17,118.19,118.9,118.05,118.86,8691074.0,0.0,1.0,113.64575283258439,114.328454283732,113.51113564503416,114.28999223014621,8691074.0
2017-02-21,118.4,119.89,118.32,119.66,8594957.0,0.0,1.0,113.84767861390974,115.28039010998005,113.77075450673817,115.05923330186181,8594957.0
2017-02-22,119.28,119.77,119.25,119.52,5103903.0,0.0,1.0,114.6938437927969,115.16500394922271,114.66499725260756,114.92461611431158,5103903.0
2017-02-23,119.52,121.9,119.48,121.7,9980945.0,0.0,1.0,114.92461611431158,117.21310830266552,114.8861540607258,117.02079803473661,9980945.0
2017-02-24,121.5,122.74,120.9,122.73,10834801.0,0.8,1.0,117.59001950487865,118.79011517719181,117.00932805053358,118.78043698628606,10834801.0
2017-02-27,122.13,122.88,122.1033,122.4,5946007.0,0.0,1.0,118.19974553194098,118.92560984987233,118.17390476222263,118.46105668639628,5946007.0
2017-02-28,122.01,122.65,121.94,122.21,8885438.0,0.0,1.0,118.08360724107197,118.70301145904006,118.01585990473171,118.27717105918698,8885438.0
2017-03-01,122.49,124.45,122.42,123.86,9393869.0,0.0,1.0,118.54816040454803,120.4450858220753,118.48041306820778,119.87407255863596,9393869.0
2017-03-02,123.75,124.36,123.02,123.63,6949752.0,0.0,1.0,119.7676124586727,120.35798210392353,119.06110452255285,119.65147416780368,6949752.0
2017-03-03,123.41,123.93,123.23,123.79,5593811.0,0.0,1.0,119.43855396787716,119.94181989497623,119.26434653157364,119.80632522229571,5593811.0
2017-03-06,123.01,124.4268,122.6,123.71,6670681.0,0.0,1.0,119.05142633164711,120.42263241917395,118.65462050451129,119.72889969504969,6670681.0
2017-03-07,122.58,124.46,122.39,123.83,6643988.0,0.0,1.0,118.6352641226998,120.45476401298104,118.45137849549052,119.84503798591871,6643988.0
2017-03-08,123.75,124.68,123.5,124.1,7909858.0,0.0,1.0,119.7676124586727,120.66768421290759,119.52565768602892,120.106349140374,7909858.0
2017-03-09,124.58,126.21,124.17,125.95,8571147.0,0.0,1.0,120.57090230385006,122.14844742148752,120.17409647671425,121.89681445793799,8571147.0
2017-03-10,126.04,126.49,125.54,126.21,7395237.0,0.0,1.0,121.98391817608976,122.41943676684856,121.5000086308022,122.14844742148752,7395237.0
2017-03-13,125.83,126.95,125.79,126.68,7162476.0,0.0,1.0,121.78067616706898,122.86463354851313,121.74196340344598,122.60332239405784,7162476.0
2017-03-14,126.86,127.75,126.77,127.05,7679707.0,0.0,1.0,122.77752983036136,123.63888882097324,122.6904261122096,122.96141545757064,7679707.0
2017-03-15,127.05,129.0,126.6,128.96,8360637.0,0.0,1.0,122.96141545757064,124.84866268419215,122.52589686681182,124.80994992056915,8360637.0
2017-03-16,128.44,128.7,127.77,128.46,7610720.0,0.0,1.0,124.30668399347007,124.5583169570196,123.65824520278473,124.32604037528158,7610720.0
2017-03-17,128.45,128.94,127.95,128.06,13300756.0,0.0,1.0,124.31636218437582,124.79059353875763,123.83245263908826,123.93891273905153,13300756.0
2017-03-20,128.04,128.42,127.97,128.07,5827497.0,0.0,1.0,123.91955635724001,124.28732761165855,123.85180902089976,123.94859092995726,5827497.0
2017-03-21,128.38,128.45,127.14,127.25,7578634.0,0.0,1.0,124.24861484803556,124.31636218437582,123.0485191757224,123.15497927568566,7578634.0
2017-03-22,127.05,127.65,126.21,126.26,10272668.0,0.0,1.0,122.96141545757064,123.54210691191572,122.14844742148752,122.19683837601629,10272668.0
2017-03-23,126.1,127.002,125.66,125.9,8508073.0,0.0,1.0,122.04198732152426,122.91496014122303,121.6161469216712,121.84842350340924,8508073.0
2017-03-24,125.86,126.36,125.13,125.48,6490304.0,0.0,1.0,121.80971073978623,122.2936202850738,121.10320280366638,121.44193948536768,6490304.0
2017-03-27,125.16,126.14,125.15,125.8,5004285.0,0.0,1.0,121.13223737638363,122.08070008514727,121.1225591854779,121.75164159435172,5004285.0
2017-03-28,125.62,125.78,124.78,125.66,5287496.0,0.0,1.0,121.5774341580482,121.73228521254022,120.76446612196509,121.6161469216712,5287496.0
2017-03-29,125.05,125.33,124.36,124.92,3971828.0,0.0,1.0,121.02577727642037,121.29676662178142,120.35798210392353,120.89996079464561,3971828.0
2017-03-30,124.74,125.43,124.28,124.66,4711693.0,0.0,1.0,120.72575335834208,121.39354853083893,120.28055657667753,120.64832783109607,4711693.0
2017-03-31,124.11,124.825,124.03,124.55,5657560.0,0.0,1.0,120.11602733127975,120.80801798104098,120.03860180403373,120.54186773113281,5657560.0
2017-04-03,124.73,125.31,124.2829,124.69,4956501.0,0.0,1.0,120.71607516743633,121.27741023996991,120.28336325204019,120.67736240381332,4956501.0
2017-04-04,124.51,124.765,124.22,124.68,5358385.0,0.0,1.0,120.5031549675098,120.74994883560646,120.22248743124301,120.66768421290759,5358385.0
2017-04-05,124.72,125.6016,124.41,124.8,5646251.0,0.0,1.0,120.70639697653058,121.55962628678162,120.40637305845229,120.78382250377659,5646251.0
2017-04-06,124.85,125.46,124.5,125.05,4324385.0,0.0,1.0,120.83221345830535,121.42258310355618,120.49347677660406,121.02577727642037,4324385.0
2017-04-07,125.12,125.47,124.83,124.92,3615126.0,0.0,1.0,121.09352461276063,121.43226129446192,120.81285707649384,120.89996079464561,3615126.0
2017-04-10,124.87,124.95,124.23,124.34,4594234.0,0.0,1.0,120.85156984011685,120.92899536736286,120.23216562214877,120.33862572211203,4594234.0
2017-04-11,124.26,124.79,123.95,124.22,4161540.0,0.0,1.0,120.26120019486602,120.77414431287085,119.96117627678773,120.22248743124301,4161540.0
2017-04-12,124.54,125.46,124.36,125.4,5556604.0,0.0,1.0,120.53218954022707,121.42258310355618,120.35798210392353,121.36451395812168,5556604.0
2017-04-13,125.13,125.65,124.96,124.99,5396539.0,0.0,1.0,121.10320280366638,121.60646873076546,120.9386735582686,120.96770813098586,5396539.0
2017-04-17,125.02,125.81,124.93,125.72,5367465.0,0.0,1.0,120.99674270370312,121.76131978525747,120.90963898555137,121.67421606710572,5367465.0
2017-04-18,123.18,123.37,120.95,121.82,13485682.0,0.0,1.0,119.21595557704488,119.39984120425416,117.05771900506232,117.89972161386268,13485682.0
2017-04-19,122.1,122.28,121.11,121.37,6993098.0,0.0,1.0,118.17071095922373,118.34491839552726,117.21257005955435,117.46420302310389,6993098.0
2017-04-20,121.86,122.15,121.35,121.87,6330136.0,0.0,1.0,117.9384343774857,118.2191019137525,117.44484664129237,117.94811256839145,6330136.0
2017-04-21,121.78,122.04,121.54,121.76,6021721.0,0.0,1.0,117.86100885023968,118.11264181378922,117.62873226850166,117.8416524684282,6021721.0
2017-04-24,122.52,123.21,122.15,122.89,5679021.0,0.0,1.0,118.57719497726528,119.24499014976212,118.2191019137525,118.93528804077809,5679021.0
2017-04-25,123.34,123.745,123.01,123.43,5089987.0,0.0,1.0,119.3708066315369,119.76277336321984,119.05142633164711,119.45791034968866,5089987.0
2017-04-26,123.79,124.26,123.48,123.51,5021839.0,0.0,1.0,119.80632522229571,120.26120019486602,119.50630130421742,119.53533587693467,5021839.0
2017-04-27,123.58,124.3057,123.4,123.74,4225165.0,0.0,1.0,119.60308321327493,120.30542952730531,119.42887577697141,119.75793426776694,4225165.0
2017-04-28,123.85,123.9,123.13,123.47,4381766.0,0.0,1.0,119.86439436773021,119.91278532225897,119.16756462251611,119.49662311331166,4381766.0
2017-05-01,123.4,123.775,123.0,123.34,4556360.0,0.0,1.0,119.42887577697141,119.79180793593709,119.04174814074135,119.3708066315369,4556360.0
2017-05-02,123.52,123.74,122.89,123.7,4881641.0,0.0,1.0,119.54501406784041,119.75793426776694,118.93528804077809,119.71922150414395,4881641.0
2017-05-03,123.59,123.7,123.04,123.33,3736331.0,0.0,1.0,119.61276140418069,119.71922150414395,119.08046090436436,119.36112844063115,3736331.0
2017-05-04,123.69,123.95,123.23,123.95,3753201.0,0.0,1.0,119.70954331323819,119.96117627678773,119.26434653157364,119.96117627678773,3753201.0
2017-05-05,123.8,123.8,122.86,123.51,4139755.0,0.0,1.0,119.81600341320146,119.81600341320146,118.90625346806083,119.53533587693467,4139755.0
2017-05-08,123.53,123.8,123.02,123.25,3609058.0,0.0,1.0,119.55469225874617,119.81600341320146,119.06110452255285,119.28370291338513,3609058.0
2017-05-09,123.23,123.47,122.88,123.21,3762488.0,0.0,1.0,119.26434653157364,119.49662311331166,118.92560984987233,119.24499014976212,3762488.0
2017-05-10,122.91,123.055,122.38,122.81,4237412.0,0.0,1.0,118.95464442258958,119.09497819072298,118.44170030458477,118.85786251353208,4237412.0
2017-05-11,122.5,123.21,122.34,123.2,4095893.0,0.0,1.0,118.55783859545379,119.24499014976212,118.40298754096176,119.23531195885639,4095893.0
2017-05-12,123.11,124.1,123.01,123.64,4097060.0,0.0,1.0,119.14820824070462,120.106349140374,119.05142633164711,119.66115235870943,4097060.0
2017-05-15,124.41,127.36,124.33,126.99,9819371.0,0.0,1.0,120.40637305845229,123.26143937564893,120.32894753120628,122.90334631213612,9819371.0
2017-05-16,127.34,128.37,127.06,127.77,7233801.0,0.0,1.0,123.24208299383743,124.23893665712981,122.9710936484764,123.65824520278473,7233801.0
2017-05-17,126.6,127.89,126.45,126.67,6480802.0,0.0,1.0,122.52589686681182,123.77438349365376,122.38072400322557,122.5936442031521,6480802.0
2017-05-18,126.46,127.87,125.96,126.97,6571254.0,0.0,1.0,122.39040219413131,123.75502711184225,121.90649264884374,122.88398993032463,6571254.0
2017-05-19,127.03,127.39,126.44,127.0,6957196.0,0.0,1.0,122.94205907575913,123.29047394836618,122.3710458123198,122.91302450304188,6957196.0
2017-05-22,126.63,127.65,126.63,127.26,4858159.0,0.0,1.0,122.55493143952908,123.54210691191572,122.55493143952908,123.16465746659142,4858159.0
2017-05-23,127.31,128.15,127.31,127.52,3973025.0,0.0,1.0,123.21304842112018,124.0260164572033,123.21304842112018,123.41629043014095,3973025.0
2017-05-24,127.79,128.0,127.29,127.51,3967685.0,0.0,1.0,123.67760158459625,123.88084359361702,123.19369203930867,123.4066122392352,3967685.0
2017-05-25,126.74,127.62,126.33,127.53,5291963.0,0.84,1.0,123.46932354680963,124.32661410007769,123.06990408449155,124.23893665712981,5291963.0
2017-05-26,127.23,127.67,126.83,126.92,4005234.0,0.0,1.0,123.94667851397026,124.37532379060427,123.5570009897575,123.64467843270538,4005234.0
2017-05-30,126.7,127.3901,126.19,127.11,3665353.0,0.0,1.0,123.43035579438836,124.1026469430364,122.9335169510171,123.82977525670643,3665353.0
2017-05-31,127.35,128.8,127.35,128.25,8813511.0,0.0,1.0,124.06358177123407,125.4761627965053,124.06358177123407,124.94035620071276,8813511.0
2017-06-01,128.32,128.78,128.12,128.78,5790899.0,0.0,1.0,125.00854976744998,125.45667892029465,124.81371100534362,125.45667892029465,5790899.0
2017-06-02,129.05,130.14,128.83,130.08,6562527.0,0.0,1.0,125.71971124913827,126.781582502618,125.50538861082126,126.7231308739861,6562527.0
2017-06-05,129.97,130.7,129.8,130.36,4634663.0,0.0,1.0,126.61596955482759,127.32713103651584,126.45035660703718,126.99590514093502,4634663.0
2017-06-06,130.18,131.33,130.03,130.83,5619093.0,0.0,1.0,126.82055025503928,127.94087313715094,126.6744211834595,127.453776231885,5619093.0
2017-06-07,131.0,131.48,130.58,130.75,5765471.0,0.0,1.0,127.61938917967541,128.0870022087307,127.21022777925204,127.37584072704244,5765471.0
2017-06-08,131.0,131.4,129.96,130.55,8101669.0,0.0,1.0,127.61938917967541,128.00906670388818,126.60622761672226,127.18100196493609,8101669.0
2017-06-09,130.37,131.7,130.31,131.53,5993031.0,0.0,1.0,127.00564707904033,128.3013248470477,126.94719545040842,128.1357118992573,5993031.0
2017-06-12,131.64,132.04,131.09,131.82,8020853.0,0.0,1.0,128.2428732184158,128.63255074262855,127.70706662262329,128.41822810431154,8020853.0
2017-06-13,131.75,132.73,131.4,132.02,5733817.0,0.0,1.0,128.35003453757432,129.30474447189553,128.00906670388818,128.61306686641794,5733817.0
2017-06-14,132.51,133.56,132.51,132.77,7329276.0,0.0,1.0,129.09042183357855,130.113325334637,129.09042183357855,129.34371222431685,7329276.0
2017-06-15,132.0,133.35,131.805,133.04,5264996.0,0.0,1.0,128.5935829902073,129.90874463442532,128.40361519715358,129.60674455316044,5264996.0
2017-06-16,133.72,134.605,133.04,134.35,12639630.0,0.0,1.0,130.2691963443221,131.13135786664282,129.60674455316044,130.88293844495718,12639630.0
2017-06-19,134.15,134.68,133.49,134.07,7488549.0,0.0,1.0,130.6880996828508,131.20442240243273,130.0451317678998,130.61016417800826,7488549.0
2017-06-20,133.9,134.755,133.9,134.22,5201174.0,0.0,1.0,130.44455123021785,131.27748693822258,130.44455123021785,130.75629324958805,5201174.0
2017-06-21,134.29,135.11,134.02,134.91,5841053.0,0.0,1.0,130.82448681632528,131.62332574096143,130.56145448748168,131.42848697885503,5841053.0
2017-06-22,135.45,137.0,135.27,136.05,7311037.0,0.0,1.0,131.95455163654225,133.46455204286664,131.77919675064652,132.5390679228614,7311037.0
2017-06-23,135.45,136.51,135.32,136.43,9007077.0,0.0,1.0,131.95455163654225,132.98719707570604,131.8279064411731,132.9092615708635,9007077.0
2017-06-26,136.48,136.899,136.2,136.34,5561844.0,0.0,1.0,132.95797126139007,133.36615846800294,132.68519699444113,132.82158412791563,5561844.0
2017-06-27,136.5,136.73,134.99,135.01,6120536.0,0.0,1.0,132.9774551376007,133.20151971402305,131.5064224836976,131.52590635990822,6120536.0
2017-06-28,135.95,136.2,133.57,133.82,6557766.0,0.0,1.0,132.44164854180818,132.68519699444113,130.12306727274233,130.36661572537528,6557766.0
2017-06-29,133.4,133.7276,132.31,132.64,5749952.0,0.0,1.0,129.95745432495193,130.27660021728215,128.89558307147217,129.21706702894767,5749952.0
2017-06-30,132.7,133.2,132.28,132.29,5264416.0,0.0,1.0,129.2755186575796,129.76261556284553,128.8663572571562,128.87609919526153,5264416.0
2017-07-03,132.79,133.32,132.65,132.9,2930998.0,0.0,1.0,129.36319610052746,129.87951882010935,129.22680896705302,129.47035741968597,2930998.0
2017-07-05,132.98,134.06,132.42,133.64,4302669.0,0.0,1.0,129.5482929245285,130.60042223990294,129.00274439063065,130.19126083947955,4302669.0
2017-07-06,133.61,133.97,132.405,132.52,4282244.0,0.0,1.0,130.16203502516362,130.51274479695508,128.9881314834727,129.10016377168387,4282244.0
2017-07-07,132.91,133.0,131.69,132.54,4994080.0,0.0,1.0,129.4800993577913,129.56777680073915,128.2915829089424,129.11964764789448,4994080.0
2017-07-10,132.74,132.87,131.23,131.55,4019587.0,0.0,1.0,129.31448641000088,129.44113160537003,127.84345375609773,128.15519577546794,4019587.0
2017-07-11,131.43,131.79,130.48,131.23,3733048.0,0.0,1.0,128.03829251820412,128.38900228999557,127.11280839819882,127.84345375609773,3733048.0
2017-07-12,132.04,132.89,131.77,132.23,5053248.0,0.0,1.0,128.63255074262855,129.46061548158065,128.36951841378496,128.8176475666296,5053248.0
2017-07-13,132.1,132.22,130.99,131.86,4424422.0,0.0,1.0,128.69100237126045,128.8079056285243,127.6096472415701,128.45719585673282,4424422.0
2017-07-14,132.0,133.0,131.74,132.6,4383107.0,0.0,1.0,128.5935829902073,129.56777680073915,128.340292599469,129.1780992765264,4383107.0
2017-07-17,132.71,132.93,131.75,132.15,4936892.0,0.0,1.0,129.28526059568492,129.49958323400193,128.35003453757432,128.73971206178706,4936892.0
2017-07-18,131.62,134.95,131.0801,134.46,10255960.0,0.0,1.0,128.22338934220517,131.4674547312763,127.697422103899,130.9900997641157,10255960.0
2017-07-19,134.84,135.41,134.52,135.21,5503298.0,0.0,1.0,131.3602934121178,131.91558388412096,131.0485513927476,131.72074512201462,5503298.0
2017-07-20,135.73,137.08,135.62,136.57,6088417.0,0.0,1.0,132.22732590349116,133.54248754770921,132.12016458433268,133.04564870433794,6088417.0
2017-07-21,135.33,136.27,135.1,135.31,6773546.0,0.0,1.0,131.83764837927845,132.7533905611784,131.61358380285608,131.81816450306778,6773546.0
2017-07-24,134.99,135.16,132.85,133.01,8306444.0,0.0,1.0,131.5064224836976,131.672035431488,129.42164772915936,129.57751873884447,8306444.0
2017-07-25,133.74,133.8499,131.45,131.88,6262907.0,0.0,1.0,130.28868022053274,130.39574412031018,128.05777639441473,128.47667973294347,6262907.0
2017-07-26,131.66,132.24,130.75,130.95,5382182.0,0.0,1.0,128.26235709462645,128.82738950473495,127.37584072704244,127.5706794891488,5382182.0
2017-07-27,130.85,131.15,129.5711,130.83,5838110.0,0.0,1.0,127.47326010809563,127.7655182512552,126.22736364380641,127.453776231885,5838110.0
2017-07-28,131.14,131.99,130.52,131.85,4970860.0,0.0,1.0,127.75577631314987,128.58384105210197,127.15177615062012,128.4474539186275,4970860.0
2017-07-31,132.14,133.58,132.1,132.72,5440788.0,0.0,1.0,128.72997012368174,130.13280921084765,128.69100237126045,129.29500253379024,5440788.0
2017-08-01,133.17,133.35,132.28,132.51,3837566.0,0.0,1.0,129.73338974852956,129.90874463442532,128.8663572571562,129.09042183357855,3837566.0
2017-08-02,132.08,132.5,131.5,132.16,4032147.0,0.0,1.0,128.67151849504984,129.08067989547322,128.10648608494134,128.74945399989238,4032147.0
2017-08-03,131.91,133.4,131.51,133.35,4327179.0,0.0,1.0,128.5059055472594,129.95745432495193,128.11622802304666,129.90874463442532,4327179.0
2017-08-04,133.74,134.01,132.8,133.18,3192805.0,0.0,1.0,130.28868022053274,130.55171254937633,129.37293803863278,129.7431316866349,3192805.0
2017-08-07,133.09,133.48,132.51,132.86,3010828.0,0.0,1.0,129.65545424368702,130.03538982979444,129.09042183357855,129.4313896672647,3010828.0
2017-08-08,132.5,132.8,131.4,132.27,5535804.0,0.0,1.0,129.08067989547322,129.37293803863278,128.00906670388818,128.8566153190509,5535804.0
2017-08-09,132.81,133.41,132.365,133.23,6332347.0,0.0,1.0,129.3826799767381,129.96719626305722,128.9491637310514,129.7918413771615,6332347.0
2017-08-10,133.04,133.8501,132.37,133.09,5607753.0,0.0,1.0,129.60674455316044,130.3959389590723,128.95403470010407,129.65545424368702,5607753.0
2017-08-11,133.64,134.49,132.75,133.1,4270571.0,0.0,1.0,130.19126083947955,131.01932557843165,129.3242283481062,129.66519618179234,4270571.0
2017-08-14,134.2,134.37,132.87,133.48,3041064.0,0.0,1.0,130.73680937337738,130.90242232116782,129.44113160537003,130.03538982979444,3041064.0
2017-08-15,133.85,133.94,133.195,133.38,3931763.0,0.0,1.0,130.39584153969125,130.4835189826391,129.75774459379286,129.93797044874125,3931763.0
2017-08-16,134.08,134.97,133.86,134.17,4469937.0,0.0,1.0,130.61990611611358,131.48693860748693,130.4055834777966,130.70758355906145,4469937.0
2017-08-17,134.18,134.74,133.0314,133.04,5741389.0,0.0,1.0,130.71732549716677,131.26287403106463,129.59836648638986,129.60674455316044,5741389.0
2017-08-18,132.67,133.78,132.381,132.63,4792761.0,0.0,1.0,129.24629284326363,130.32764797295403,128.96475083201992,129.20732509084237,4792761.0
2017-08-21,132.28,133.65,132.1875,133.45,4659963.0,0.0,1.0,128.8663572571562,130.20100277758488,128.77624432968202,130.0061640154785,4659963.0
2017-08-22,133.27,134.79,132.9,134.7,4150032.0,0.0,1.0,129.83080912958278,131.3115837215912,129.47035741968597,131.22390627864334,4150032.0
2017-08-23,134.43,134.49,132.65,132.8,5129938.0,0.0,1.0,130.96087394979975,131.01932557843165,129.22680896705302,129.37293803863278,5129938.0
2017-08-24,132.82,133.08,132.27,132.89,5398232.0,0.0,1.0,129.39242191484342,129.64571230558172,128.8566153190509,129.46061548158065,5398232.0
2017-08-25,131.91,132.56,131.62,131.68,4133347.0,0.84,1.0,129.32565767863622,129.96292306784943,129.04133927421802,129.10016377168387,4133347.0
2017-08-28,131.68,132.12,131.49,131.74,5348381.0,0.0,1.0,129.10016377168387,129.53154341976665,128.9138861963754,129.1589882691497,5348381.0
2017-08-29,131.57,132.45,131.3,132.21,3277875.0,0.0,1.0,128.99231885966316,129.85507815582872,128.7276086210669,129.61978016596538,3277875.0
2017-08-30,132.0,132.0,130.9,131.07,5430781.0,0.0,1.0,129.41389442483498,129.41389442483498,128.33544530462802,128.50211471411453,5430781.0
2017-08-31,131.39,132.5,131.25,132.37,7407143.0,0.0,1.0,128.81584536726564,129.90409857038358,128.67858820651205,129.77664549254095,7407143.0
2017-09-01,132.6,132.65,130.935,131.03,3820814.0,0.0,1.0,130.0021393994933,130.05115981404816,128.3697595948164,128.46289838247066,3820814.0
2017-09-05,130.72,131.18,129.72,129.9,5154935.0,0.0,1.0,128.1589718122305,128.60995962613524,127.17856352113327,127.35503701353078,5154935.0
2017-09-06,130.54,131.0,130.21,130.67,5601903.0,0.0,1.0,127.982498319833,128.43348613373774,127.65896358377093,128.10995139767564,5601903.0
2017-09-07,130.86,132.52,130.25,132.19,3800229.0,0.0,1.0,128.29622897298412,129.92370673620553,127.69817991541481,129.60017200014343,3800229.0
2017-09-08,132.0,132.34,130.87,130.98,4854414.0,0.0,1.0,129.41389442483498,129.74723324380804,128.30603305589509,128.41387796791577,4854414.0
2017-09-11,131.37,133.34,131.02,133.21,5724233.0,0.0,1.0,128.79623720144372,130.72764153490527,128.4530942995597,130.60018845706261,5724233.0
2017-09-12,133.83,133.88,131.93,132.63,5465190.0,0.0,1.0,131.20804159754292,131.25706201209778,129.34526584445817,130.0315516482262,5465190.0
2017-09-13,132.67,133.7467,131.85,132.45,4679486.0,0.0,1.0,130.0707679798701,131.12637358689452,129.26683318117037,129.85507815582872,4679486.0
2017-09-14,132.14,134.47,131.99,134.18,6274100.0,0.0,1.0,129.55115158558857,131.83550290384514,129.404090341924,131.55118449942694,6274100.0
2017-09-15,134.79,135.45,134.18,134.45,15522011.0,0.0,1.0,132.14923355699625,132.79630302912042,131.55118449942694,131.8158947380232,15522011.0
2017-09-18,134.44,135.77,134.11,135.38,5261593.0,0.0,1.0,131.80609065511223,133.11003368227156,131.48255591905016,132.7276744487436,5261593.0
2017-09-19,135.02,135.79,134.35,135.22,4903828.0,0.0,1.0,132.37472746394863,133.12964184809348,131.71785390891347,132.57080912216807,4903828.0
2017-09-20,133.25,134.29,132.34,133.22,8705460.0,0.0,1.0,130.6394047887065,131.65902941144762,129.74723324380804,130.6099925399736,8705460.0
2017-09-21,133.31,133.82,131.3775,131.75,6051039.0,0.0,1.0,130.69822928617234,131.19823751463193,128.80359026362694,129.16879235206065,6051039.0
2017-09-22,131.99,132.39,131.2701,131.39,4334763.0,0.0,1.0,129.404090341924,129.79625365836287,128.6982944131631,128.81584536726564,4334763.0
2017-09-25,131.47,131.76,130.83,131.17,6017418.0,0.0,1.0,128.89427803055344,129.1785964349716,128.2668167242512,128.60015554322425,6017418.0
2017-09-26,131.5,131.94,130.82,130.94,4516193.0,0.0,1.0,128.92369027928635,129.35506992736913,128.25701264134022,128.3746616362719,4516193.0
2017-09-27,131.0,131.09,129.43,129.75,5795707.0,0.0,1.0,128.43348613373774,128.52172287993648,126.89424511671508,127.2079757698662,5795707.0
2017-09-28,129.91,130.27,129.29,129.47,3992591.0,0.0,1.0,127.36484109644174,127.71778808123676,126.75698795596145,126.93346144835897,3992591.0
2017-09-29,129.58,130.47,129.05,130.01,5734870.0,0.0,1.0,127.04130636037966,127.9138697394562,126.52168996609814,127.46288192555146,5734870.0
2017-10-02,130.16,131.33,130.02,131.22,4492936.0,0.0,1.0,127.60994316921605,128.75702086979985,127.47268600846245,128.64917595777914,4492936.0
2017-10-03,131.65,132.4,131.36,132.1,3900754.0,0.0,1.0,129.07075152295093,129.80605774127386,128.78643311853276,129.51193525394467,3900754.0
2017-10-04,132.4,133.18,132.1,132.89,3588862.0,0.0,1.0,129.80605774127386,130.5707762083297,129.51193525394467,130.2864578039115,3588862.0
2017-10-05,132.89,133.31,132.36,133.19,3741108.0,0.0,1.0,130.2864578039115,130.69822928617234,129.76684140963,130.58058029124066,3741108.0
2017-10-06,133.0,133.25,132.48,133.22,2469473.0,0.0,1.0,130.3943027159322,130.6394047887065,129.88449040456163,130.6099925399736,2469473.0
2017-10-09,133.66,133.815,133.17,133.45,3751097.0,0.0,1.0,131.04137218805639,131.19333547317643,130.56097212541871,130.83548644692596,3751097.0
2017-10-10,133.56,134.13,132.92,133.9,4184563.0,0.0,1.0,130.94333135894666,131.50216408487208,130.3158700526444,131.27667017791973,4184563.0
2017-10-11,134.88,137.08,134.37,136.65,8269237.0,0.0,1.0,132.237470303195,134.39436854360892,131.73746207473542,133.97279297843713,8269237.0
2017-10-12,136.34,137.52,136.02,136.83,5172806.0,0.0,1.0,133.66886640819698,134.8257481916917,133.35513575504586,134.14926647083462,5172806.0
2017-10-13,136.6,137.42,136.34,136.43,4106435.0,0.0,1.0,133.92377256388224,134.72770736258195,133.66886640819698,133.75710315439574,4106435.0
2017-10-16,136.45,137.26,135.54,136.12,5120140.0,0.0,1.0,133.77671132021766,134.5708420360064,132.88453977531918,133.45317658415559,5120140.0
2017-10-17,137.67,141.12,137.06,140.79,11717122.0,0.0,1.0,134.97280943535628,138.35521803964176,134.37476037778697,138.03168330357965,11717122.0
2017-10-18,140.79,141.58,140.07,140.68,6827734.0,0.0,1.0,138.03168330357965,138.8062058535465,137.32578933398963,137.92383839155897,6827734.0
2017-10-19,140.71,142.98,140.535,142.04,9181001.0,0.0,1.0,137.95325064029188,140.1787774610826,137.78167918934986,139.2571936674512,9181001.0
2017-10-20,142.38,143.62,141.83,142.4,5634523.0,0.0,1.0,139.59053248642425,140.80623876738483,139.0513079263208,139.6101406522462,5634523.0
2017-10-23,142.13,144.3523,142.081,143.62,6685402.0,0.0,1.0,139.34543041364995,141.52419175895534,139.2973904073862,140.80623876738483,6685402.0
2017-10-24,143.38,143.38,140.93,141.64,6585715.0,0.0,1.0,140.57094077752149,140.57094077752149,138.16894046433328,138.8650303510123,6585715.0
2017-10-25,141.16,143.23,140.9594,142.42,4856522.0,0.0,1.0,138.39443437128563,140.4238795338569,138.19776446809152,139.62974881806815,4856522.0
2017-10-26,142.51,143.75,141.38,141.81,5840967.0,0.0,1.0,139.71798556426688,140.9336918452275,138.61012419532702,139.03169976049884,5840967.0
2017-10-27,141.0,142.7,140.2,141.78,5140654.0,0.0,1.0,138.23756904471009,139.90426313957536,137.4532424118323,139.00228751176593,5140654.0
2017-10-30,141.08,141.21,139.32,140.0,6034336.0,0.0,1.0,138.31600170799786,138.44345478584052,136.59048311566673,137.25716075361285,6034336.0
2017-10-31,140.02,140.26,138.98,139.41,4832136.0,0.0,1.0,137.2767689194348,137.5120669092981,136.25714429669367,136.67871986186546,4832136.0
2017-11-01,139.83,140.59,139.34,139.98,5006771.0,0.0,1.0,137.09049134412632,137.8356016453602,136.61009128148868,137.2375525877909,5006771.0
2017-11-02,140.11,140.29,139.11,139.93,3493555.0,0.0,1.0,137.36500566563356,137.54147915803102,136.38459737453633,137.18853217323604,3493555.0
2017-11-03,139.73,140.4,139.3,140.08,2736951.0,0.0,1.0,136.99245051501657,137.64932407005173,136.57087494984478,137.33559341690062,2736951.0
2017-11-06,140.01,140.49,139.72,139.76,4220661.0,0.0,1.0,137.2669648365238,137.7375608162505,136.9826464321056,137.0218627637495,4220661.0
2017-11-07,140.08,140.15,138.91,139.77,4201853.0,0.0,1.0,137.33559341690062,137.40422199727743,136.18851571631686,137.0316668466605,4201853.0
2017-11-08,139.7,141.87,139.4601,141.32,4371556.0,0.0,1.0,136.96303826628366,139.0905242579647,136.72783831724945,138.5512996978612,4371556.0
2017-11-09,140.86,141.41,139.8,140.35,3513501.0,0.0,1.0,138.10031188395646,138.63953644405993,137.0610790953934,137.60030365549687,3513501.0
2017-11-10,140.13,140.13,138.61,139.56,4240486.0,0.0,1.0,137.38461383145548,137.38461383145548,135.8943932289877,136.82578110553007,4240486.0
2017-11-13,139.01,140.02,138.42,139.76,4322275.0,0.0,1.0,136.28655654542658,137.2767689194348,135.7081156536792,137.0218627637495,4322275.0
2017-11-14,139.57,140.2843,138.92,139.49,4078194.0,0.0,1.0,136.83558518844103,137.5358908307718,136.19831979922782,136.75715252515326,4078194.0
2017-11-15,139.23,139.83,138.75,139.1,4811462.0,0.0,1.0,136.50224636946797,137.09049134412632,136.0316503897413,136.37479329162534,4811462.0
2017-11-16,139.42,139.68,138.64,138.87,4174302.0,0.0,1.0,136.68852394477645,136.94343010046174,135.92380547772058,136.149299384673,4174302.0
2017-11-17,138.3,138.86,137.89,138.0,4247381.0,0.0,1.0,135.59046665874754,136.139495301762,135.18849925939767,135.29634417141838,4247381.0
2017-11-20,138.15,138.56,137.74,137.93,4265964.0,0.0,1.0,135.44340541508296,135.84537281443284,135.0414380157331,135.22771559104157,4265964.0
2017-11-21,138.45,139.26,138.19,138.34,5657581.0,0.0,1.0,135.73752790241213,136.53165861820088,135.48262174672683,135.62968299039144,5657581.0
2017-11-22,138.3,138.38,136.6,137.29,3917467.0,0.0,1.0,135.59046665874754,135.66889932203532,133.92377256388224,134.60025428473932,3917467.0
2017-11-24,137.5,138.38,137.31,138.01,2606832.0,0.0,1.0,134.80614002586975,135.66889932203532,134.61986245056127,135.30614825432934,2606832.0
2017-11-27,137.51,138.31,137.48,138.1,3933071.0,0.84,1.0,135.63596867830552,136.42506601626383,135.60637752813207,136.21792796504977,3933071.0
2017-11-28,138.3,140.53,138.2517,140.02,5052825.0,0.0,1.0,136.41520229953935,138.61481112909806,136.3675605477601,138.11176157614966,5052825.0
2017-11-29,140.22,140.63,138.95,139.81,5851339.0,0.0,1.0,138.30903591063924,138.71344829634285,137.05634388663043,137.9046235249356,5851339.0
2017-11-30,140.06,140.28,138.48,139.33,8941891.0,0.0,1.0,138.1512164430476,138.3682182109861,136.59274920057993,137.43116512216065,8941891.0
2017-12-01,139.57,140.53,138.6,139.98,5990474.0,0.0,1.0,137.66789432354813,138.61481112909806,136.71111380127368,138.07230670925173,5990474.0
2017-12-04,140.62,141.5,138.93,139.01,5916673.0,0.0,1.0,138.7035845796184,139.5715916513725,137.0366164531815,137.11552618697732,5916673.0
2017-12-05,139.88,140.81,139.2,139.67,6745135.0,0.0,1.0,137.97366954200695,138.89099519738346,137.30293680474242,137.7665314907929,6745135.0
2017-12-06,140.25,141.96,140.19,141.06,5591327.0,0.0,1.0,138.33862706081266,140.02532262069852,138.2794447604658,139.13758811549545,5591327.0
2017-12-07,141.0,141.499,139.26,140.01,4713151.0,0.0,1.0,139.07840581514856,139.57060527970003,137.36211910508928,138.10189785942518,4713151.0
2017-12-08,140.0,140.76,139.8,140.59,5101341.0,0.0,1.0,138.0920341427007,138.84167661376108,137.89475980821115,138.67399342944495,5101341.0
2017-12-11,140.1,141.17,139.83,141.14,4358620.0,0.0,1.0,138.1906713099455,139.2460889994647,137.9243509583846,139.21649784929124,4358620.0
2017-12-12,142.06,143.57,142.04,142.6,8016720.0,0.0,1.0,140.1239597879433,141.61338101333956,140.10423235449434,140.65660049106515,8016720.0
2017-12-13,142.5,143.43,142.21,142.89,6118375.0,0.0,1.0,140.55796332382036,141.47528897919688,140.27191553881048,140.942648276075,6118375.0
2017-12-14,143.6,143.62,141.61,141.65,5337934.0,0.0,1.0,141.642972163513,141.66269959696197,139.68009253534177,139.71954740223967,5337934.0
2017-12-15,142.73,143.14,141.78,142.46,12516980.0,0.0,1.0,140.78482880848335,141.189241194187,139.8477757196579,140.51850845692246,12516980.0
2017-12-18,142.43,143.8,141.401,141.8,5833146.0,0.0,1.0,140.48891730674902,141.84024649800259,139.47394085580018,139.86750315310687,5833146.0
2017-12-19,141.72,142.38,141.36,141.78,6573080.0,0.0,1.0,139.788593419311,140.4395987231266,139.4334996172298,139.8477757196579,6573080.0
2017-12-20,142.29,142.58,141.08,141.16,6289709.0,0.0,1.0,140.3508252726063,140.6368730576162,139.1573155489444,139.2362252827402,6289709.0
2017-12-21,141.76,142.17,141.02,141.06,5863130.0,0.0,1.0,139.82804828620894,140.23246067191255,139.09813324859752,139.13758811549545,5863130.0
2017-12-22,140.9,141.35,140.04,140.12,4665587.0,0.0,1.0,138.9797686479038,139.4236359005053,138.13148900959862,138.21039874339445,4665587.0
2017-12-26,140.46,140.54,139.68,140.09,3271087.0,0.0,1.0,138.54576511202671,138.62467484582254,137.7763952075174,138.180807593221,3271087.0
2017-12-27,140.42,141.15,140.2,140.57,3753629.0,0.0,1.0,138.5063102451288,139.22636156601575,138.28930847719027,138.65426599599598,3753629.0
2017-12-28,140.7,141.0,140.33,140.56,2484957.0,0.0,1.0,138.7824943134142,139.07840581514856,138.4175367946085,138.6444022792715,2484957.0
2017-12-29,140.98,141.2074,139.58,139.72,4452924.0,0.0,1.0,139.0586783816996,139.28297930001426,137.6777580402726,137.8158500744153,4452924.0
2018-01-02,139.66,139.95,138.72,139.23,6842124.0,0.0,1.0,137.75666777406843,138.0427155590783,136.82947840196744,137.33252795491583,6842124.0
2018-01-03,139.36,140.68,138.9,140.56,5350496.0,0.0,1.0,137.4607562723341,138.76276687996526,137.00702530300805,138.6444022792715,5350496.0
2018-01-04,140.45,141.14,140.22,140.55,4837637.0,0.0,1.0,138.53590139530223,139.21649784929124,138.30903591063924,138.63453856254705,4837637.0
2018-01-05,140.69,141.82,140.281,141.71,6157248.0,0.0,1.0,138.77263059668974,139.8872305865558,138.36920458265857,139.77872970258656,6157248.0
2018-01-08,141.7,142.0,140.92,141.89,5129755.0,0.0,1.0,139.76886598586205,140.06477748759642,138.99949608135273,139.95627660362715,5129755.0
2018-01-09,142.37,145.68,142.26,144.14,8897002.0,0.0,1.0,140.42973500640215,143.69462524220458,140.32123412243286,142.17561286663485,8897002.0
2018-01-10,143.55,144.155,143.32,143.97,6558622.0,0.0,1.0,141.59365357989063,142.19040844172156,141.3667880952276,142.00792968231872,6558622.0
2018-01-11,144.13,144.9,143.69,144.79,4962045.0,0.0,1.0,142.16574914991037,142.92525533769523,141.73174561403331,142.81675445372596,4962045.0
2018-01-12,144.99,146.42,144.9,145.76,5450270.0,0.0,1.0,143.01402878821554,144.42454027981597,142.92525533769523,143.77353497600038,5450270.0
2018-01-16,146.42,148.06,146.03,146.86,8804005.0,0.0,1.0,144.42454027981597,146.04218982263046,144.03985532756133,144.85854381569305,8804005.0
2018-01-17,147.84,148.32,145.48,146.98,10619534.0,0.0,1.0,145.82518805469195,146.2986464574669,143.49735090771497,144.97690841638678,10619534.0
2018-01-18,146.93,147.44,145.97,146.92,5554038.0,0.0,1.0,144.9275898327644,145.4306393857128,143.98067302721444,144.9177261160399,5554038.0
2018-01-19,147.46,147.65,146.42,147.36,8738791.0,0.0,1.0,145.45036681916176,145.63777743692685,144.42454027981597,145.35172965191697,8738791.0
2018-01-22,147.01,148.14,146.72,148.14,7010438.0,0.0,1.0,145.00649956656022,146.1210995564263,144.72045178155034,146.1210995564263,7010438.0
2018-01-23,146.96,147.44,141.62,141.83,17473631.0,0.0,1.0,144.95718098293784,145.4306393857128,139.68995625206625,139.8970943032803,17473631.0
2018-01-24,143.5,143.56,141.8,142.07,13034368.0,0.0,1.0,141.54433499626822,141.60351729661508,139.86750315310687,140.13382350466776,13034368.0
2018-01-25,142.31,144.66,142.2105,144.4,7938846.0,0.0,1.0,140.37055270605526,142.68852613630773,140.2724087246467,142.4320695014713,7938846.0
2018-01-26,144.5,145.6,144.13,145.33,8065646.0,0.0,1.0,142.53070666871608,143.61571550840873,142.16574914991037,143.34939515684783,8065646.0
2018-01-29,144.85,144.94,143.53,143.68,8013444.0,0.0,1.0,142.87593675407282,142.96471020459313,141.57392614644166,141.72188189730883,8013444.0
2018-01-30,143.4,143.82,142.43,142.43,8376092.0,0.0,1.0,141.44569782902343,141.85997393145152,140.48891730674902,140.48891730674902,8376092.0
2018-01-31,142.57,142.57,138.1,138.19,13137396.0,0.0,1.0,140.6270093408917,140.6270093408917,136.21792796504977,136.30670141557007,13137396.0
2018-02-01,137.53,140.67,137.0,140.02,9393645.0,0.0,1.0,135.65569611175448,138.75290316324075,135.13291912535712,138.11176157614966,9393645.0
2018-02-02,139.02,140.36,137.38,137.68,9262182.0,0.0,1.0,137.1253899037018,138.44712794478195,135.5077403608873,135.80365186262168,9262182.0
2018-02-05,136.58,137.0,122.15,130.39,19954145.0,0.0,1.0,134.71864302292903,135.13291912535712,120.48529978950637,128.61300237047672,19954145.0
2018-02-06,130.01,132.99,128.0,131.83,19193520.0,0.0,1.0,128.23818113494656,131.1775687188412,126.25557407332636,130.0333775788017,19193520.0
2018-02-07,131.89,133.43,131.35,131.42,10550411.0,0.0,1.0,130.09255987914852,131.61157225471825,129.55991917602668,129.62896519309803,10550411.0
2018-02-08,130.91,131.25,126.11,126.36,11680221.0,0.0,1.0,129.12591564014963,129.46128200878192,124.3913316123999,124.63792453051187,11680221.0
2018-02-09,127.52,130.92,125.44,129.53,15030542.0,0.0,1.0,125.78211567055138,129.1357793568741,123.73046259185983,127.76472273217159,15030542.0
2018-02-12,130.0,131.32,127.6755,130.27,9963943.0,0.0,1.0,128.22831741822208,129.53032802585327,125.93549646561702,128.49463776978303,9963943.0
2018-02-13,129.21,130.6,128.7,129.96,6338471.0,0.0,1.0,127.44908379698828,128.82014042169078,126.94603424403985,128.18886255132418,6338471.0
2018-02-14,129.44,130.015,128.39,129.67,6259662.0,0.0,1.0,127.67594928165127,128.24311299330878,126.64025902558102,127.90281476631428,6259662.0
2018-02-15,130.1,131.28,129.4,131.23,5606447.0,0.0,1.0,128.32695458546686,129.49087315895534,127.63649441475337,129.44155457533293,5606447.0
2018-02-16,130.96,134.45,130.84,133.15,7970065.0,0.0,1.0,129.17523422377204,132.61767136061505,129.05686962307828,131.33538818643285,7970065.0
2018-02-20,132.87,133.45,130.66,130.87,6563538.0,0.0,1.0,131.05920411814745,131.6312996881672,128.87932272203767,129.08646077325173,6563538.0
2018-02-21,130.8,132.4348,129.86,129.91,6578047.0,0.0,1.0,129.0174147561804,130.62993516629814,128.0902253840794,128.13954396770177,6578047.0
2018-02-22,130.1,131.02,129.48,129.91,5732245.0,0.0,1.0,128.32695458546686,129.2344165241189,127.71540414854918,128.13954396770177,5732245.0
2018-02-23,130.09,132.08,130.02,132.02,5126447.0,0.0,1.0,128.31709086874238,130.27997049691365,128.24804485167104,130.2207881965668,5126447.0
2018-02-26,131.71,133.4055,131.0,132.07,6684302.0,0.84,1.0,130.74130669281686,132.4243367246874,130.0365285609218,131.09865898504535,6684302.0
2018-02-27,132.21,133.09,131.6,131.67,7158382.0,0.0,1.0,131.237629320912,132.1111571463594,130.63211571463594,130.70160088256924,7158382.0
2018-02-28,131.95,132.33,129.87,129.88,7985941.0,0.0,1.0,130.9795415543025,131.35674675165484,128.91483942142682,128.92476587398872,7985941.0
2018-03-01,129.11,130.12,126.52,127.28,9424007.0,0.0,1.0,128.16042902672226,129.16300073547438,125.5894778131895,126.3438882078941,9424007.0
2018-03-02,126.91,129.11,126.91,128.82,6910426.0,0.0,1.0,125.9766094631037,128.16042902672226,125.9766094631037,127.87256190242705,6910426.0
2018-03-05,128.63,130.3,128.18,129.79,5799799.0,0.0,1.0,127.68395930375091,129.34167688158863,127.23726893846532,128.8354278009316,5799799.0
2018-03-06,130.0,130.2,127.92,128.22,5543015.0,0.0,1.0,129.04388330473154,129.24241235596958,126.97918117185584,127.27697474871292,5543015.0
2018-03-07,127.48,129.33,127.27,129.04,6391661.0,0.0,1.0,126.54241725913214,128.3788109830841,126.33396175533218,128.0909438587889,6391661.0
2018-03-08,129.33,132.3,129.33,132.06,6423362.0,0.0,1.0,128.3788109830841,131.3269673939691,128.3788109830841,131.08873253248345,6423362.0
2018-03-09,132.51,133.82,131.56,133.8,7557814.0,0.0,1.0,131.53542289776905,132.83578818337827,130.59240990438832,132.81593527825447,7557814.0
2018-03-12,133.8,134.23,132.32,132.63,4941996.0,0.0,1.0,132.81593527825447,133.24277273841628,131.3468202990929,131.65454032851187,4941996.0
2018-03-13,133.8,135.39,133.45,134.35,9152305.0,0.0,1.0,132.81593527825447,134.39424123559695,132.4685094385879,133.3618901691591,9152305.0
2018-03-14,135.24,135.7,131.9,132.32,6770620.0,0.0,1.0,134.24534444716843,134.7019612650159,130.929909291493,131.3468202990929,6770620.0
2018-03-15,132.55,134.24,132.47,133.06,6147165.0,0.0,1.0,131.57512870801668,133.25269919097818,131.49571708752146,132.0813777886737,6147165.0
2018-03-16,133.16,134.4,132.1,133.68,14233523.0,0.0,1.0,132.18064231429273,133.41152243196862,131.12843834273104,132.69681784751165,14233523.0
2018-03-19,133.35,133.47,129.36,130.24,6016952.0,0.0,1.0,132.36924491296887,132.48836234371169,128.40859034076982,129.2821181662172,6016952.0
2018-03-20,130.78,131.78,129.38,131.21,6214255.0,0.0,1.0,129.81814660455993,130.8107918607502,128.4284432458936,130.24498406472176,6214255.0
2018-03-21,131.4,132.78,130.66,131.19,5158743.0,0.0,1.0,130.4335866633979,131.80343711694042,129.6990291738171,130.22513115959794,5158743.0
2018-03-22,130.47,130.68,127.1,127.38,7560078.0,0.0,1.0,129.51042657514097,129.7188820789409,126.16521206177984,126.4431527335131,7560078.0
2018-03-23,127.63,127.87,124.9,125.1,8452497.0,0.0,1.0,126.69131404756067,126.92954890904633,123.98139249816131,124.17992154939935,8452497.0
2018-03-26,126.41,127.54,125.21,127.39,8358246.0,0.0,1.0,125.48028683500857,126.60197597450356,124.28911252758029,126.45307918607502,8358246.0
2018-03-27,127.11,129.1,126.39,127.21,7789861.0,0.0,1.0,126.17513851434175,128.15050257416033,125.46043392988477,126.27440303996076,7789861.0
2018-03-28,127.63,129.02,127.21,127.45,6868531.0,0.0,1.0,126.69131404756067,128.07109095366513,126.27440303996076,126.51263790144644,6868531.0
2018-03-29,127.97,128.76,126.82,128.15,6119424.0,0.0,1.0,127.02881343466535,127.81300318705564,125.88727139004656,127.20748958077961,6119424.0
2018-04-02,127.82,127.88,123.54,124.56,8916907.0,0.0,1.0,126.87991664623681,126.93947536160823,122.63139494974259,123.64389311105663,8916907.0
2018-04-03,125.18,128.485,124.68,128.35,8034690.0,0.0,1.0,124.25933316989459,127.54002574160334,123.76301054179946,127.40601863201765,8034690.0
2018-04-04,126.9,131.12,126.39,130.41,7498311.0,0.0,1.0,125.9666830105418,130.1556459916646,125.46043392988477,129.45086785976955,7498311.0
2018-04-05,130.41,131.2,129.5,130.71,5620322.0,0.0,1.0,129.45086785976955,130.23505761215984,128.54756067663644,129.74866143662663,5620322.0
2018-04-06,130.22,130.64,126.41,128.1,6399121.0,0.0,1.0,129.2622652610934,129.67917626869328,125.48028683500857,127.15785731797008,6399121.0
2018-04-09,128.65,131.14,127.68,129.48,6395848.0,0.0,1.0,127.70381220887472,130.1754988967884,126.74094631037019,128.5277077715126,6395848.0
2018-04-10,130.25,130.9096,129.29,130.25,6069415.0,0.0,1.0,129.2920446187791,129.9467934297622,128.33910517283647,129.2920446187791,6069415.0
2018-04-11,129.14,130.35,129.03,129.63,4575162.0,0.0,1.0,128.19020838440792,129.39130914439812,128.081017406227,128.67660455994115,4575162.0
2018-04-12,130.09,131.31,129.86,130.43,4559418.0,0.0,1.0,129.1332213777887,130.34424859034078,128.90491296886492,129.47072076489337,4559418.0
2018-04-13,131.09,131.42,129.63,130.62,4742250.0,0.0,1.0,130.12586663397892,130.45343956852167,128.67660455994115,129.6593233635695,4742250.0
2018-04-16,131.41,132.88,131.28,131.76,6375059.0,0.0,1.0,130.44351311595977,131.90270164255944,130.31446923265506,130.79093895562636,6375059.0
2018-04-17,132.11,132.2,128.81,130.54,11008515.0,0.0,1.0,131.13836479529297,131.22770286835006,127.86263544986517,129.57991174307426,11008515.0
2018-04-18,129.69,129.9,126.94,127.72,9382451.0,0.0,1.0,128.73616327531258,128.94461877911252,126.00638882078941,126.7806521206178,9382451.0
2018-04-19,127.63,128.27,126.8875,127.55,5958409.0,0.0,1.0,126.69131404756067,127.32660701152244,125.95427494483943,126.61190242706544,5958409.0
2018-04-20,128.0,128.3,126.17,126.66,7743916.0,0.0,1.0,127.05859279235106,127.35638636920815,125.24205197352292,125.72844814905613,7743916.0
2018-04-23,126.88,127.3,125.78,126.83,7501475.0,0.0,1.0,125.94683010541799,126.3637411130179,124.85492032360872,125.89719784260848,7501475.0
2018-04-24,126.94,127.46,125.31,126.19,6577055.0,0.0,1.0,126.00638882078941,126.52256435400832,124.3883770531993,125.26190487864672,6577055.0
2018-04-25,125.91,126.85,125.28,126.76,5842088.0,0.0,1.0,124.98396420691346,125.91705074773228,124.35859769551361,125.82771267467517,5842088.0
2018-04-26,126.62,129.22,126.62,128.01,8210964.0,0.0,1.0,125.68874233880854,128.26962000490315,125.68874233880854,127.06851924491296,8210964.0
2018-04-27,127.73,128.79,127.5,128.27,4266751.0,0.0,1.0,126.7905785731797,127.84278254474135,126.56227016425595,127.32660701152244,4266751.0
2018-04-30,128.86,128.98,126.49,126.49,8218417.0,0.0,1.0,127.91226771267469,128.03138514341748,125.55969845550379,125.55969845550379,8218417.0
2018-05-01,126.32,126.64,124.97,126.01,5122547.0,0.0,1.0,125.39094876195145,125.70859524393234,124.05087766609462,125.08322873253249,5122547.0
2018-05-02,125.52,126.18,123.2,123.5,7317863.0,0.0,1.0,124.59683255699926,125.25197842608483,122.2938955626379,122.59168913949497,7317863.0
2018-05-03,123.3,123.685,121.28,123.03,7282784.0,0.0,1.0,122.39316008825692,122.77532851189017,120.38801667075263,122.12514586908556,7282784.0
2018-05-04,122.6,124.51,121.8,124.19,6127046.0,0.0,1.0,121.69830840892375,123.59426084824712,120.90419220397156,123.27661436626623,6127046.0
2018-05-07,124.14,125.24,123.32,123.59,6707913.0,0.0,1.0,123.22698210345673,124.31889188526598,122.41301299338072,122.6810272125521,6707913.0
2018-05-08,122.86,123.49,121.69,122.61,5951265.0,0.0,1.0,121.95639617553321,122.58176268693306,120.79500122579063,121.70823486148565,5951265.0
2018-05-09,122.99,124.05,122.53,123.51,6808257.0,0.0,1.0,122.08544005883795,123.1376440303996,121.62882324099044,122.60161559205687,6808257.0
2018-05-10,124.22,126.05,123.995,125.35,4947709.0,0.0,1.0,123.30639372395194,125.12293454278009,123.08304854130914,124.42808286344692,4947709.0
2018-05-11,125.77,127.6,125.76,127.24,5716588.0,0.0,1.0,124.84499387104682,126.66153468987496,124.83506741848493,126.30418239764647,5716588.0
2018-05-14,127.35,127.61,125.6,126.06,6101624.0,0.0,1.0,126.4133733758274,126.67146114243687,124.67624417749448,125.132860995342,6101624.0
2018-05-15,125.54,125.83,124.4,125.13,5874644.0,0.0,1.0,124.61668546212307,124.90455258641823,123.4850698700662,124.20970090708506,5874644.0
2018-05-16,125.44,125.9,125.0,125.35,3814429.0,0.0,1.0,124.51742093650404,124.97403775435156,124.08065702378033,124.42808286344692,3814429.0
2018-05-17,125.49,125.59,123.55,123.85,6452206.0,0.0,1.0,124.56705319931355,124.66631772493258,122.64132140230448,122.93911497916154,6452206.0
2018-05-18,123.78,124.44,123.28,124.24,5433819.0,0.0,1.0,122.86962981122824,123.5247756803138,122.37330718313312,123.32624662907574,5433819.0
2018-05-21,124.62,124.99,123.32,123.72,5558662.0,0.0,1.0,123.70345182642805,124.07073057121843,122.41301299338072,122.81007109585683,5558662.0
2018-05-22,123.8,124.24,122.76,122.91,7172652.0,0.0,1.0,122.88948271635203,123.32624662907574,121.8571316499142,122.00602843834272,7172652.0
2018-05-23,122.87,123.97,122.74,123.45,4940832.0,0.0,1.0,121.96632262809513,123.05823240990439,121.83727874479038,122.54205687668546,4940832.0
2018-05-24,123.22,123.39,121.55,122.25,6920581.0,0.0,1.0,122.3137484677617,122.48249816131404,120.656030889924,121.35088256925717,6920581.0
2018-05-25,121.56,122.8,121.13,121.47,4594745.0,0.9,1.0,121.56,122.8,121.13,121.47,4594745.0
2018-05-29,120.5,120.8,118.621,119.4,9821920.0,0.0,1.0,120.5,120.8,118.621,119.4,9821920.0
2018-05-30,120.12,121.58,119.54,120.97,6423721.0,0.0,1.0,120.12,121.58,119.54,120.97,6423721.0
2018-05-31,120.92,121.25,119.54,119.62,10336336.0,0.0,1.0,120.92,121.25,119.54,119.62,10336336.0
2018-06-01,120.38,121.32,119.97,121.26,5740366.0,0.0,1.0,120.38,121.32,119.97,121.26,5740366.0
2018-06-04,121.85,122.37,121.02,121.95,4851871.0,0.0,1.0,121.85,122.37,121.02,121.95,4851871.0
2018-06-05,122.05,122.555,120.9,121.48,5125281.0,0.0,1.0,122.05,122.555,120.9,121.48,5125281.0
2018-06-06,121.97,122.79,121.4616,122.79,6798291.0,0.0,1.0,121.97,122.79,121.4616,122.79,6798291.0
2018-06-07,123.0,123.49,122.27,123.33,7413897.0,0.0,1.0,123.0,123.49,122.27,123.33,7413897.0
2018-06-08,123.36,124.845,123.33,124.06,6207807.0,0.0,1.0,123.36,124.845,123.33,124.06,6207807.0
2018-06-11,124.27,124.34,122.55,122.66,5571389.0,0.0,1.0,124.27,124.34,122.55,122.66,5571389.0
2018-06-12,123.16,123.18,121.95,122.54,5227201.0,0.0,1.0,123.16,123.18,121.95,122.54,5227201.0
2018-06-13,123.15,124.09,122.46,122.63,5836658.0,0.0,1.0,123.15,124.09,122.46,122.63,5836658.0
2018-06-14,122.71,123.15,122.09,122.41,5238725.0,0.0,1.0,122.71,123.15,122.09,122.41,5238725.0
2018-06-15,122.1,122.7285,121.2401,122.61,13173211.0,0.0,1.0,122.1,122.7285,121.2401,122.61,13173211.0
2018-06-18,121.61,121.8125,120.25,121.32,6784149.0,0.0,1.0,121.61,121.8125,120.25,121.32,6784149.0
2018-06-19,120.66,123.1735,120.57,122.57,8572294.0,0.0,1.0,120.66,123.1735,120.57,122.57,8572294.0
2018-06-20,122.42,122.66,121.66,122.04,6276432.0,0.0,1.0,122.42,122.66,121.66,122.04,6276432.0
2018-06-21,121.83,122.24,121.11,121.45,4417134.0,0.0,1.0,121.83,122.24,121.11,121.45,4417134.0
2018-06-22,121.68,123.38,121.65,122.84,10239303.0,0.0,1.0,121.68,123.38,121.65,122.84,10239303.0
2018-06-25,122.82,123.43,121.51,122.59,8170503.0,0.0,1.0,122.82,123.43,121.51,122.59,8170503.0
2018-06-26,122.49,122.89,121.6,122.35,5496350.0,0.0,1.0,122.49,122.89,121.6,122.35,5496350.0
2018-06-27,122.13,122.97,121.4527,121.61,5666040.0,0.0,1.0,122.13,122.97,121.4527,121.61,5666040.0
2018-06-28,121.78,122.41,121.07,122.0,5296853.0,0.0,1.0,121.78,122.41,121.07,122.0,5296853.0
2018-06-29,122.24,123.18,121.19,121.34,7728480.0,0.0,1.0,122.24,123.18,121.19,121.34,7728480.0
2018-07-02,121.34,121.73,120.11,121.58,5481056.0,0.0,1.0,121.34,121.73,120.11,121.58,5481056.0
2018-07-03,121.65,123.46,121.26,122.71,4248060.0,0.0,1.0,121.65,123.46,121.26,122.71,4248060.0
2018-07-05,123.6,125.12,123.23,125.0,7319147.0,0.0,1.0,123.6,125.12,123.23,125.0,7319147.0
2018-07-06,125.16,125.92,124.61,125.75,7311962.0,0.0,1.0,125.16,125.92,124.61,125.75,7311962.0
2018-07-09,126.22,126.75,125.6,126.05,6702343.0,0.0,1.0,126.22,126.75,125.6,126.05,6702343.0
2018-07-10,126.37,127.52,126.11,127.38,5072532.0,0.0,1.0,126.37,127.52,126.11,127.38,5072532.0
2018-07-11,127.41,127.4401,126.06,126.24,4821660.0,0.0,1.0,127.41,127.4401,126.06,126.24,4821660.0
2018-07-12,127.71,128.21,127.17,127.76,6179501.0,0.0,1.0,127.71,128.21,127.17,127.76,6179501.0
2018-07-13,125.32,127.5,125.32,125.93,8252131.0,0.0,1.0,125.32,127.5,125.32,125.93,8252131.0
2018-07-16,126.0,126.1,124.16,124.69,7314433.0,0.0,1.0,126.0,126.1,124.16,124.69,7314433.0
2018-07-17,128.53,130.54,127.5638,129.11,12855187.0,0.0,1.0,128.53,130.54,127.5638,129.11,12855187.0
2018-07-18,128.81,129.05,127.17,127.8,7152219.0,0.0,1.0,128.81,129.05,127.17,127.8,7152219.0
2018-07-19,127.53,127.7,125.87,125.94,5969270.0,0.0,1.0,127.53,127.7,125.87,125.94,5969270.0
2018-07-20,125.3,126.14,125.12,125.85,5862327.0,0.0,1.0,125.3,126.14,125.12,125.85,5862327.0
